text,label
Machine learning models are revolutionizing this field,1
Python programming tools comparison guide,0
Ethical considerations for neural networks systems,1
Getting started with web development fundamentals,0
New breakthrough in natural language processing architecture,1
Best practices for cloud computing workflows,0
Ethical considerations for computer vision systems,1
Getting started with devops practices fundamentals,0
New breakthrough in machine learning architecture,1
Best practices for python programming workflows,0
Ethical considerations for neural networks systems,1
Web development tools comparison guide,0
Natural language processing models are revolutionizing this field,1
Getting started with cloud computing fundamentals,0
Computer vision models are revolutionizing this field,1
Devops practices tools comparison guide,0
Ethical considerations for machine learning systems,1
Best practices for python programming workflows,0
Neural networks models are revolutionizing this field,1
Getting started with web development fundamentals,0
Natural language processing models are revolutionizing this field,1
Getting started with cloud computing fundamentals,0
Computer vision models are revolutionizing this field,1
Best practices for devops practices workflows,0
New breakthrough in machine learning architecture,1
Best practices for python programming workflows,0
Ethical considerations for neural networks systems,1
Web development tools comparison guide,0
Ethical considerations for natural language processing systems,1
Best practices for cloud computing workflows,0
New breakthrough in computer vision architecture,1
Devops practices tools comparison guide,0
Machine learning models are revolutionizing this field,1
Getting started with python programming fundamentals,0
Ethical considerations for neural networks systems,1
Getting started with web development fundamentals,0
Natural language processing models are revolutionizing this field,1
Best practices for cloud computing workflows,0
Computer vision models are revolutionizing this field,1
Best practices for devops practices workflows,0
Ethical considerations for machine learning systems,1
Getting started with python programming fundamentals,0
Ethical best practices are needed for AI ,1
AI and academic integrity,0 
TEST CC, 1
